<metadata xml:lang="nb"><Esri><CreaDate>20200326</CreaDate><CreaTime>11310900</CreaTime><ArcGISFormat>1.0</ArcGISFormat><SyncOnce>FALSE</SyncOnce><DataProperties><itemProps><itemName Sync="TRUE">PopByWard_Clipped</itemName><imsContentType Sync="TRUE">002</imsContentType><nativeExtBox><westBL Sync="TRUE">-99551.130600</westBL><eastBL Sync="TRUE">1121936.170300</eastBL><southBL Sync="TRUE">6426048.422200</southBL><northBL Sync="TRUE">7962742.069700</northBL><exTypeCode Sync="TRUE">1</exTypeCode></nativeExtBox><itemLocation><linkage Sync="TRUE">file://\\NTNU04310\C$\Artikler\Covid-19\PopByWard_Clipped.shp</linkage><protocol Sync="TRUE">Local Area Network</protocol></itemLocation><itemSize Sync="TRUE">0.000</itemSize></itemProps><coordRef><type Sync="TRUE">Projected</type><geogcsn Sync="TRUE">GCS_ETRS_1989</geogcsn><csUnits Sync="TRUE">Linear Unit: Meter (1.000000)</csUnits><projcsn Sync="TRUE">ETRS_1989_UTM_Zone_33N</projcsn><peXml Sync="TRUE">&lt;ProjectedCoordinateSystem xsi:type='typens:ProjectedCoordinateSystem' xmlns:xsi='http://www.w3.org/2001/XMLSchema-instance' xmlns:xs='http://www.w3.org/2001/XMLSchema' xmlns:typens='http://www.esri.com/schemas/ArcGIS/2.5.0'&gt;&lt;WKT&gt;PROJCS[&amp;quot;ETRS_1989_UTM_Zone_33N&amp;quot;,GEOGCS[&amp;quot;GCS_ETRS_1989&amp;quot;,DATUM[&amp;quot;D_ETRS_1989&amp;quot;,SPHEROID[&amp;quot;GRS_1980&amp;quot;,6378137.0,298.257222101]],PRIMEM[&amp;quot;Greenwich&amp;quot;,0.0],UNIT[&amp;quot;Degree&amp;quot;,0.0174532925199433]],PROJECTION[&amp;quot;Transverse_Mercator&amp;quot;],PARAMETER[&amp;quot;False_Easting&amp;quot;,500000.0],PARAMETER[&amp;quot;False_Northing&amp;quot;,0.0],PARAMETER[&amp;quot;Central_Meridian&amp;quot;,15.0],PARAMETER[&amp;quot;Scale_Factor&amp;quot;,0.9996],PARAMETER[&amp;quot;Latitude_Of_Origin&amp;quot;,0.0],UNIT[&amp;quot;Meter&amp;quot;,1.0],AUTHORITY[&amp;quot;EPSG&amp;quot;,25833]]&lt;/WKT&gt;&lt;XOrigin&gt;-5120900&lt;/XOrigin&gt;&lt;YOrigin&gt;-9998100&lt;/YOrigin&gt;&lt;XYScale&gt;450445547.3910538&lt;/XYScale&gt;&lt;ZOrigin&gt;-100000&lt;/ZOrigin&gt;&lt;ZScale&gt;10000&lt;/ZScale&gt;&lt;MOrigin&gt;-100000&lt;/MOrigin&gt;&lt;MScale&gt;10000&lt;/MScale&gt;&lt;XYTolerance&gt;0.001&lt;/XYTolerance&gt;&lt;ZTolerance&gt;0.001&lt;/ZTolerance&gt;&lt;MTolerance&gt;0.001&lt;/MTolerance&gt;&lt;HighPrecision&gt;true&lt;/HighPrecision&gt;&lt;WKID&gt;25833&lt;/WKID&gt;&lt;LatestWKID&gt;25833&lt;/LatestWKID&gt;&lt;/ProjectedCoordinateSystem&gt;</peXml></coordRef><lineage><Process ToolSource="c:\program files\arcgis\pro\Resources\ArcToolbox\toolboxes\Analysis Tools.tbx\Clip" Date="20200326" Time="113213">Clip PopByWards Norge C:\Artikler\Covid-19\Basisdata.gdb\PopByWard_Clipped #</Process><Process ToolSource="c:\program files\arcgis\pro\Resources\ArcToolbox\toolboxes\Conversion Tools.tbx\FeatureClassToFeatureClass" Date="20200326" Time="140026">FeatureClassToFeatureClass PopByWard_Clipped C:\Artikler\Covid-19 PopByWard_Clipped.shp # "objtype "objtype" true true false 32 Text 0 0,First,#,PopByWard_Clipped,objtype,0,32;lokalid "identifikasjon.Identifikasjon.lokalId" true true false 100 Text 0 0,First,#,PopByWard_Clipped,lokalid,0,100;navnerom "identifikasjon.Identifikasjon.navnerom" true true false 100 Text 0 0,First,#,PopByWard_Clipped,navnerom,0,100;versjonid "identifikasjon.Identifikasjon.versjonId" true true false 100 Text 0 0,First,#,PopByWard_Clipped,versjonid,0,100;datauttaks "datauttaksdato" true true false 8 Date 0 0,First,#,PopByWard_Clipped,datauttaksdato,-1,-1;oppdaterin "oppdateringsdato" true true false 8 Date 0 0,First,#,PopByWard_Clipped,oppdateringsdato,-1,-1;opphav "opphav" true true false 255 Text 0 0,First,#,PopByWard_Clipped,opphav,0,255;statistikk "statistikkÅr" true true false 4 Long 0 0,First,#,PopByWard_Clipped,statistikkar,-1,-1;grunnkrets "grunnkretsId.GrunnkretsId.grunnkretsnummer" true true false 8 Text 0 0,First,#,PopByWard_Clipped,grunnkretsnummer,0,8;grunnkre_1 "grunnkretsId.GrunnkretsId.grunnkretsnavn" true true false 60 Text 0 0,First,#,PopByWard_Clipped,grunnkretsnavn,0,60;kommunenum "kommunenummer" true true false 4 Text 0 0,First,#,PopByWard_Clipped,kommunenummer,0,4;kommunenav "kommunenavn" true true false 50 Text 0 0,First,#,PopByWard_Clipped,kommunenavn,0,50;totalbefol "totalBefolkning" true true false 4 Long 0 0,First,#,PopByWard_Clipped,totalbefolkning,-1,-1;antallmenn "antallMenn" true true false 4 Long 0 0,First,#,PopByWard_Clipped,antallmenn,-1,-1;antallkvin "antallKvinner" true true false 4 Long 0 0,First,#,PopByWard_Clipped,antallkvinner,-1,-1;folketilve "folketilvekst" true true false 4 Long 0 0,First,#,PopByWard_Clipped,folketilvekst,-1,-1;folketil_1 "folketilvekstMenn" true true false 4 Long 0 0,First,#,PopByWard_Clipped,folketilvekstmenn,-1,-1;folketil_2 "folketilvekstKvinner" true true false 4 Long 0 0,First,#,PopByWard_Clipped,folketilvekstkvinner,-1,-1;befolkning "befolkning0Til04År" true true false 4 Long 0 0,First,#,PopByWard_Clipped,befolkning0til04ar,-1,-1;befolkni_1 "befolkning05Til09År" true true false 4 Long 0 0,First,#,PopByWard_Clipped,befolkning05til09ar,-1,-1;befolkni_2 "befolkning10Til14År" true true false 4 Long 0 0,First,#,PopByWard_Clipped,befolkning10til14ar,-1,-1;befolkni_3 "befolkning15Til19År" true true false 4 Long 0 0,First,#,PopByWard_Clipped,befolkning15til19ar,-1,-1;befolkni_4 "befolkning20Til24År" true true false 4 Long 0 0,First,#,PopByWard_Clipped,befolkning20til24ar,-1,-1;befolkni_5 "befolkning25Til29År" true true false 4 Long 0 0,First,#,PopByWard_Clipped,befolkning25til29ar,-1,-1;befolkni_6 "befolkning30Til34År" true true false 4 Long 0 0,First,#,PopByWard_Clipped,befolkning30til34ar,-1,-1;befolkni_7 "befolkning35Til39År" true true false 4 Long 0 0,First,#,PopByWard_Clipped,befolkning35til39ar,-1,-1;befolkni_8 "befolkning40Til44År" true true false 4 Long 0 0,First,#,PopByWard_Clipped,befolkning40til44ar,-1,-1;befolkni_9 "befolkning45Til49År" true true false 4 Long 0 0,First,#,PopByWard_Clipped,befolkning45til49ar,-1,-1;befolkn_10 "befolkning50Til54År" true true false 4 Long 0 0,First,#,PopByWard_Clipped,befolkning50til54ar,-1,-1;befolkn_11 "befolkning55Til59År" true true false 4 Long 0 0,First,#,PopByWard_Clipped,befolkning55til59ar,-1,-1;befolkn_12 "befolkning60Til64År" true true false 4 Long 0 0,First,#,PopByWard_Clipped,befolkning60til64ar,-1,-1;befolkn_13 "befolkning65Til69År" true true false 4 Long 0 0,First,#,PopByWard_Clipped,befolkning65til69ar,-1,-1;befolkn_14 "befolkning70Til74År" true true false 4 Long 0 0,First,#,PopByWard_Clipped,befolkning70til74ar,-1,-1;befolkn_15 "befolkning75Til79År" true true false 4 Long 0 0,First,#,PopByWard_Clipped,befolkning75til79ar,-1,-1;befolkn_16 "befolkning80Til84År" true true false 4 Long 0 0,First,#,PopByWard_Clipped,befolkning80til84ar,-1,-1;befolkn_17 "befolkning85Til89År" true true false 4 Long 0 0,First,#,PopByWard_Clipped,befolkning85til89ar,-1,-1;befolkn_18 "befolkning90ÅrOgOver" true true false 4 Long 0 0,First,#,PopByWard_Clipped,befolkning90arogover,-1,-1;SHAPE_Leng "SHAPE_Length" false true true 8 Double 0 0,First,#,PopByWard_Clipped,SHAPE_Length,-1,-1;SHAPE_Area "SHAPE_Area" false true true 8 Double 0 0,First,#,PopByWard_Clipped,SHAPE_Area,-1,-1" #</Process></lineage></DataProperties><SyncDate>20200326</SyncDate><SyncTime>14001700</SyncTime><ModDate>20200326</ModDate><ModTime>14001700</ModTime></Esri><dataIdInfo><envirDesc Sync="TRUE">Microsoft Windows 10 Version 10.0 (Build 17763) ; Esri ArcGIS 12.5.0.22081</envirDesc><dataLang><languageCode value="nob" Sync="TRUE"></languageCode><countryCode value="NOR" Sync="TRUE"></countryCode></dataLang><idCitation><resTitle Sync="TRUE">PopByWard_Clipped</resTitle><presForm><PresFormCd value="005" Sync="TRUE"></PresFormCd></presForm></idCitation><spatRpType><SpatRepTypCd value="001" Sync="TRUE"></SpatRepTypCd></spatRpType><dataExt><geoEle><GeoBndBox esriExtentType="search"><exTypeCode Sync="TRUE">1</exTypeCode><westBL Sync="TRUE">-1.702259</westBL><eastBL Sync="TRUE">32.291106</eastBL><northBL Sync="TRUE">71.765193</northBL><southBL Sync="TRUE">57.545772</southBL></GeoBndBox></geoEle></dataExt></dataIdInfo><mdLang><languageCode value="nob" Sync="TRUE"></languageCode><countryCode value="NOR" Sync="TRUE"></countryCode></mdLang><mdChar><CharSetCd value="004" Sync="TRUE"></CharSetCd></mdChar><distInfo><distFormat><formatName Sync="TRUE">Shapefile</formatName></distFormat><distTranOps><transSize Sync="TRUE">0.000</transSize></distTranOps></distInfo><mdHrLv><ScopeCd value="005" Sync="TRUE"></ScopeCd></mdHrLv><mdHrLvName Sync="TRUE">dataset</mdHrLvName><refSysInfo><RefSystem><refSysID><identCode code="25833" Sync="TRUE"></identCode><idCodeSpace Sync="TRUE">EPSG</idCodeSpace><idVersion Sync="TRUE">7.1(4.0.0)</idVersion></refSysID></RefSystem></refSysInfo><spatRepInfo><VectSpatRep><geometObjs Name="PopByWard_Clipped"><geoObjTyp><GeoObjTypCd value="002" Sync="TRUE"></GeoObjTypCd></geoObjTyp><geoObjCnt Sync="TRUE">0</geoObjCnt></geometObjs><topLvl><TopoLevCd value="001" Sync="TRUE"></TopoLevCd></topLvl></VectSpatRep></spatRepInfo><spdoinfo><ptvctinf><esriterm Name="PopByWard_Clipped"><efeatyp Sync="TRUE">Simple</efeatyp><efeageom code="4" Sync="TRUE"></efeageom><esritopo Sync="TRUE">FALSE</esritopo><efeacnt Sync="TRUE">0</efeacnt><spindex Sync="TRUE">FALSE</spindex><linrefer Sync="TRUE">TRUE</linrefer></esriterm></ptvctinf></spdoinfo><eainfo><detailed Name="PopByWard_Clipped"><enttyp><enttypl Sync="TRUE">PopByWard_Clipped</enttypl><enttypt Sync="TRUE">Feature Class</enttypt><enttypc Sync="TRUE">0</enttypc></enttyp><attr><attrlabl Sync="TRUE">FID</attrlabl><attalias Sync="TRUE">FID</attalias><attrtype Sync="TRUE">OID</attrtype><attwidth Sync="TRUE">4</attwidth><atprecis Sync="TRUE">0</atprecis><attscale Sync="TRUE">0</attscale><attrdef Sync="TRUE">Internal feature number.</attrdef><attrdefs Sync="TRUE">Esri</attrdefs><attrdomv><udom Sync="TRUE">Sequential unique whole numbers that are automatically generated.</udom></attrdomv></attr><attr><attrlabl Sync="TRUE">SHAPE</attrlabl><attalias Sync="TRUE">Shape</attalias><attrtype Sync="TRUE">Geometry</attrtype><attwidth Sync="TRUE">0</attwidth><atprecis Sync="TRUE">0</atprecis><attscale Sync="TRUE">0</attscale><attrdef Sync="TRUE">Feature geometry.</attrdef><attrdefs Sync="TRUE">Esri</attrdefs><attrdomv><udom Sync="TRUE">Coordinates defining the features.</udom></attrdomv></attr><attr><attrlabl Sync="TRUE">objtype</attrlabl><attalias Sync="TRUE">objtype</attalias><attrtype Sync="TRUE">String</attrtype><attwidth Sync="TRUE">32</attwidth><atprecis Sync="TRUE">0</atprecis><attscale Sync="TRUE">0</attscale></attr><attr><attrlabl Sync="TRUE">lokalid</attrlabl><attalias Sync="TRUE">lokalid</attalias><attrtype Sync="TRUE">String</attrtype><attwidth Sync="TRUE">100</attwidth><atprecis Sync="TRUE">0</atprecis><attscale Sync="TRUE">0</attscale></attr><attr><attrlabl Sync="TRUE">navnerom</attrlabl><attalias Sync="TRUE">navnerom</attalias><attrtype Sync="TRUE">String</attrtype><attwidth Sync="TRUE">100</attwidth><atprecis Sync="TRUE">0</atprecis><attscale Sync="TRUE">0</attscale></attr><attr><attrlabl Sync="TRUE">versjonid</attrlabl><attalias Sync="TRUE">versjonid</attalias><attrtype Sync="TRUE">String</attrtype><attwidth Sync="TRUE">100</attwidth><atprecis Sync="TRUE">0</atprecis><attscale Sync="TRUE">0</attscale></attr><attr><attrlabl Sync="TRUE">datauttaks</attrlabl><attalias Sync="TRUE">datauttaks</attalias><attrtype Sync="TRUE">Date</attrtype><attwidth Sync="TRUE">8</attwidth><atprecis Sync="TRUE">0</atprecis><attscale Sync="TRUE">0</attscale></attr><attr><attrlabl Sync="TRUE">oppdaterin</attrlabl><attalias Sync="TRUE">oppdaterin</attalias><attrtype Sync="TRUE">Date</attrtype><attwidth Sync="TRUE">8</attwidth><atprecis Sync="TRUE">0</atprecis><attscale Sync="TRUE">0</attscale></attr><attr><attrlabl Sync="TRUE">opphav</attrlabl><attalias Sync="TRUE">opphav</attalias><attrtype Sync="TRUE">String</attrtype><attwidth Sync="TRUE">254</attwidth><atprecis Sync="TRUE">0</atprecis><attscale Sync="TRUE">0</attscale></attr><attr><attrlabl Sync="TRUE">statistikk</attrlabl><attalias Sync="TRUE">statistikk</attalias><attrtype Sync="TRUE">Integer</attrtype><attwidth Sync="TRUE">10</attwidth><atprecis Sync="TRUE">10</atprecis><attscale Sync="TRUE">0</attscale></attr><attr><attrlabl Sync="TRUE">grunnkrets</attrlabl><attalias Sync="TRUE">grunnkrets</attalias><attrtype Sync="TRUE">String</attrtype><attwidth Sync="TRUE">8</attwidth><atprecis Sync="TRUE">0</atprecis><attscale Sync="TRUE">0</attscale></attr><attr><attrlabl Sync="TRUE">grunnkre_1</attrlabl><attalias Sync="TRUE">grunnkre_1</attalias><attrtype Sync="TRUE">String</attrtype><attwidth Sync="TRUE">60</attwidth><atprecis Sync="TRUE">0</atprecis><attscale Sync="TRUE">0</attscale></attr><attr><attrlabl Sync="TRUE">kommunenum</attrlabl><attalias Sync="TRUE">kommunenum</attalias><attrtype Sync="TRUE">String</attrtype><attwidth Sync="TRUE">4</attwidth><atprecis Sync="TRUE">0</atprecis><attscale Sync="TRUE">0</attscale></attr><attr><attrlabl Sync="TRUE">kommunenav</attrlabl><attalias Sync="TRUE">kommunenav</attalias><attrtype Sync="TRUE">String</attrtype><attwidth Sync="TRUE">50</attwidth><atprecis Sync="TRUE">0</atprecis><attscale Sync="TRUE">0</attscale></attr><attr><attrlabl Sync="TRUE">totalbefol</attrlabl><attalias Sync="TRUE">totalbefol</attalias><attrtype Sync="TRUE">Integer</attrtype><attwidth Sync="TRUE">10</attwidth><atprecis Sync="TRUE">10</atprecis><attscale Sync="TRUE">0</attscale></attr><attr><attrlabl Sync="TRUE">antallmenn</attrlabl><attalias Sync="TRUE">antallmenn</attalias><attrtype Sync="TRUE">Integer</attrtype><attwidth Sync="TRUE">10</attwidth><atprecis Sync="TRUE">10</atprecis><attscale Sync="TRUE">0</attscale></attr><attr><attrlabl Sync="TRUE">antallkvin</attrlabl><attalias Sync="TRUE">antallkvin</attalias><attrtype Sync="TRUE">Integer</attrtype><attwidth Sync="TRUE">10</attwidth><atprecis Sync="TRUE">10</atprecis><attscale Sync="TRUE">0</attscale></attr><attr><attrlabl Sync="TRUE">folketilve</attrlabl><attalias Sync="TRUE">folketilve</attalias><attrtype Sync="TRUE">Integer</attrtype><attwidth Sync="TRUE">10</attwidth><atprecis Sync="TRUE">10</atprecis><attscale Sync="TRUE">0</attscale></attr><attr><attrlabl Sync="TRUE">folketil_1</attrlabl><attalias Sync="TRUE">folketil_1</attalias><attrtype Sync="TRUE">Integer</attrtype><attwidth Sync="TRUE">10</attwidth><atprecis Sync="TRUE">10</atprecis><attscale Sync="TRUE">0</attscale></attr><attr><attrlabl Sync="TRUE">folketil_2</attrlabl><attalias Sync="TRUE">folketil_2</attalias><attrtype Sync="TRUE">Integer</attrtype><attwidth Sync="TRUE">10</attwidth><atprecis Sync="TRUE">10</atprecis><attscale Sync="TRUE">0</attscale></attr><attr><attrlabl Sync="TRUE">befolkning</attrlabl><attalias Sync="TRUE">befolkning</attalias><attrtype Sync="TRUE">Integer</attrtype><attwidth Sync="TRUE">10</attwidth><atprecis Sync="TRUE">10</atprecis><attscale Sync="TRUE">0</attscale></attr><attr><attrlabl Sync="TRUE">befolkni_1</attrlabl><attalias Sync="TRUE">befolkni_1</attalias><attrtype Sync="TRUE">Integer</attrtype><attwidth Sync="TRUE">10</attwidth><atprecis Sync="TRUE">10</atprecis><attscale Sync="TRUE">0</attscale></attr><attr><attrlabl Sync="TRUE">befolkni_2</attrlabl><attalias Sync="TRUE">befolkni_2</attalias><attrtype Sync="TRUE">Integer</attrtype><attwidth Sync="TRUE">10</attwidth><atprecis Sync="TRUE">10</atprecis><attscale Sync="TRUE">0</attscale></attr><attr><attrlabl Sync="TRUE">befolkni_3</attrlabl><attalias Sync="TRUE">befolkni_3</attalias><attrtype Sync="TRUE">Integer</attrtype><attwidth Sync="TRUE">10</attwidth><atprecis Sync="TRUE">10</atprecis><attscale Sync="TRUE">0</attscale></attr><attr><attrlabl Sync="TRUE">befolkni_4</attrlabl><attalias Sync="TRUE">befolkni_4</attalias><attrtype Sync="TRUE">Integer</attrtype><attwidth Sync="TRUE">10</attwidth><atprecis Sync="TRUE">10</atprecis><attscale Sync="TRUE">0</attscale></attr><attr><attrlabl Sync="TRUE">befolkni_5</attrlabl><attalias Sync="TRUE">befolkni_5</attalias><attrtype Sync="TRUE">Integer</attrtype><attwidth Sync="TRUE">10</attwidth><atprecis Sync="TRUE">10</atprecis><attscale Sync="TRUE">0</attscale></attr><attr><attrlabl Sync="TRUE">befolkni_6</attrlabl><attalias Sync="TRUE">befolkni_6</attalias><attrtype Sync="TRUE">Integer</attrtype><attwidth Sync="TRUE">10</attwidth><atprecis Sync="TRUE">10</atprecis><attscale Sync="TRUE">0</attscale></attr><attr><attrlabl Sync="TRUE">befolkni_7</attrlabl><attalias Sync="TRUE">befolkni_7</attalias><attrtype Sync="TRUE">Integer</attrtype><attwidth Sync="TRUE">10</attwidth><atprecis Sync="TRUE">10</atprecis><attscale Sync="TRUE">0</attscale></attr><attr><attrlabl Sync="TRUE">befolkni_8</attrlabl><attalias Sync="TRUE">befolkni_8</attalias><attrtype Sync="TRUE">Integer</attrtype><attwidth Sync="TRUE">10</attwidth><atprecis Sync="TRUE">10</atprecis><attscale Sync="TRUE">0</attscale></attr><attr><attrlabl Sync="TRUE">befolkni_9</attrlabl><attalias Sync="TRUE">befolkni_9</attalias><attrtype Sync="TRUE">Integer</attrtype><attwidth Sync="TRUE">10</attwidth><atprecis Sync="TRUE">10</atprecis><attscale Sync="TRUE">0</attscale></attr><attr><attrlabl Sync="TRUE">befolkn_10</attrlabl><attalias Sync="TRUE">befolkn_10</attalias><attrtype Sync="TRUE">Integer</attrtype><attwidth Sync="TRUE">10</attwidth><atprecis Sync="TRUE">10</atprecis><attscale Sync="TRUE">0</attscale></attr><attr><attrlabl Sync="TRUE">befolkn_11</attrlabl><attalias Sync="TRUE">befolkn_11</attalias><attrtype Sync="TRUE">Integer</attrtype><attwidth Sync="TRUE">10</attwidth><atprecis Sync="TRUE">10</atprecis><attscale Sync="TRUE">0</attscale></attr><attr><attrlabl Sync="TRUE">befolkn_12</attrlabl><attalias Sync="TRUE">befolkn_12</attalias><attrtype Sync="TRUE">Integer</attrtype><attwidth Sync="TRUE">10</attwidth><atprecis Sync="TRUE">10</atprecis><attscale Sync="TRUE">0</attscale></attr><attr><attrlabl Sync="TRUE">befolkn_13</attrlabl><attalias Sync="TRUE">befolkn_13</attalias><attrtype Sync="TRUE">Integer</attrtype><attwidth Sync="TRUE">10</attwidth><atprecis Sync="TRUE">10</atprecis><attscale Sync="TRUE">0</attscale></attr><attr><attrlabl Sync="TRUE">befolkn_14</attrlabl><attalias Sync="TRUE">befolkn_14</attalias><attrtype Sync="TRUE">Integer</attrtype><attwidth Sync="TRUE">10</attwidth><atprecis Sync="TRUE">10</atprecis><attscale Sync="TRUE">0</attscale></attr><attr><attrlabl Sync="TRUE">befolkn_15</attrlabl><attalias Sync="TRUE">befolkn_15</attalias><attrtype Sync="TRUE">Integer</attrtype><attwidth Sync="TRUE">10</attwidth><atprecis Sync="TRUE">10</atprecis><attscale Sync="TRUE">0</attscale></attr><attr><attrlabl Sync="TRUE">befolkn_16</attrlabl><attalias Sync="TRUE">befolkn_16</attalias><attrtype Sync="TRUE">Integer</attrtype><attwidth Sync="TRUE">10</attwidth><atprecis Sync="TRUE">10</atprecis><attscale Sync="TRUE">0</attscale></attr><attr><attrlabl Sync="TRUE">befolkn_17</attrlabl><attalias Sync="TRUE">befolkn_17</attalias><attrtype Sync="TRUE">Integer</attrtype><attwidth Sync="TRUE">10</attwidth><atprecis Sync="TRUE">10</atprecis><attscale Sync="TRUE">0</attscale></attr><attr><attrlabl Sync="TRUE">befolkn_18</attrlabl><attalias Sync="TRUE">befolkn_18</attalias><attrtype Sync="TRUE">Integer</attrtype><attwidth Sync="TRUE">10</attwidth><atprecis Sync="TRUE">10</atprecis><attscale Sync="TRUE">0</attscale></attr><attr><attrlabl Sync="TRUE">SHAPE_Leng</attrlabl><attalias Sync="TRUE">SHAPE_Leng</attalias><attrtype Sync="TRUE">Double</attrtype><attwidth Sync="TRUE">19</attwidth><atprecis Sync="TRUE">0</atprecis><attscale Sync="TRUE">0</attscale></attr><attr><attrlabl Sync="TRUE">SHAPE_Area</attrlabl><attalias Sync="TRUE">SHAPE_Area</attalias><attrtype Sync="TRUE">Double</attrtype><attwidth Sync="TRUE">19</attwidth><atprecis Sync="TRUE">0</atprecis><attscale Sync="TRUE">0</attscale><attrdef Sync="TRUE">Area of feature in internal units squared.</attrdef><attrdefs Sync="TRUE">Esri</attrdefs><attrdomv><udom Sync="TRUE">Positive real numbers that are automatically generated.</udom></attrdomv></attr></detailed></eainfo><mdDateSt Sync="TRUE">20200326</mdDateSt></metadata>
